speaker,start,end,duration
SPEAKER_01,0.616,6.438,5.822
SPEAKER_00,6.438,10.960999999999999,4.522999999999999
